,GF,SPF
0,Scand1,Cyp2c55
1,Tmem259,Ces2a
2,Ppp1r14a,Iglc1
3,Rnaseh2c,Ang4
4,Cyp4f14,S100g
5,Apoe,Gsdmc4
6,Gm42418,Jchain
7,Spink1,Abcb1a
8,Pdzk1ip1,Retnlb
9,H2-Ab1,Gsdmc2
10,Snhg20,Aqp8
11,Ifit1bl1,Cldn4
12,Eva1b,Gpx2
13,Cck,Sycn
14,Rras,Clps
15,Hspb1,Wfdc2
16,Selenop,Ces1f
17,H2afx,S100a14
18,Cavin3,Ces2c
19,Gm43305,Iglc2
20,Fhl1,Gprc5a
21,H2-Eb1,Itln1
22,Pcsk1n,Gm5485
23,Cd74,Reg4
24,Cdkn2b,Cgref1
25,Sord,Sfn
26,Hpgd,Ifi27l2a
27,Mt1,Sptssb
28,AW112010,Txndc5
29,Mt2,Higd1a
30,Crlf2,Aqp4
31,Ctss,Slc30a10
32,H2-Aa,Selenom
33,Abhd17a,Ces2e
34,Mal,St3gal3
35,Mep1a,Nupr1
36,Bmp3,Slc17a9
37,Btg1,Cd81
38,Hopx,Fasn
39,2610528A11Rik,Iglc3
40,Nbl1,Dpep1
41,Upp1,Clca4a
42,Fbxl22,Defb37
43,Exosc3,Wfdc18
44,Spon2,Ccl6
45,Sdf2l1,Scd1
46,Zfp384,Maged1
47,Irf7,Ppy
48,Fbxl8,Sdcbp2
49,Gm1673,Cldn15
50,Cyp3a13,Fut2
51,Spi1,Ly6c2
52,Cmtm7,Gstk1
53,Cyp2d34,Ggt1
54,Hmcn2,Mzb1
55,Fabp6,Col1a2
56,BC029722,Angptl2
57,Igfbp7,1810065E05Rik
58,Psd,B3gnt7
59,Rfk,Gsta3
60,Nudt4,Slc9a3
61,Ace2,Tnni1
62,Ivns1abp,Fkbp11
63,Lsm2,Tns4
64,Rgcc,Eno3
65,Ighg1,Sparc
66,Gcnt1,Cd24a
67,Glrx,Muc4
68,Bmp2,Me1
69,Apob,Pde2a
70,Ptprcap,Nxpe2
71,Slc35f5,Ly6m
72,Parp14,Ces1g
73,Smim38,Il18
74,Ltb,Ighm
75,Dut,Sst
76,Leng9,Fn1
77,Tmem45b,Tceal9
78,Nrtn,Gsdmc3
79,Ifngr1,Ces1d
80,Zfp219,Postn
81,Coro1a,Fa2h
82,Cyp2d26,Hif1a
83,Gcg,Mettl7b
84,Prss23,Cpn1
85,Sult1b1,Mgp
86,Limd2,Capg
87,Neu1,Hmgcs2
88,Plch2,Spdef
89,Lama3,St3gal6
90,Ccl5,Mgat4c
91,Tgfbi,Sprr1a
92,Mep1b,Hao2
93,Gm42031,Aacs
94,Ikbkb,Col6a1
95,Slc6a8,Col8a1
96,Cdhr5,Col3a1
97,Sod3,Chga
98,Hexb,Ifitm2
99,Oasl2,Prap1
100,Plac8,Ccn3
101,Smpdl3a,Prnp
102,Ccng2,Ugdh
103,AA467197,Slc1a4
104,Noct,Vstm5
105,Tap1,Gpd1
106,Isg15,Sprr2a3
107,H2-Q7,Slc26a2
108,Unc119,Hsd3b3
109,Slc10a2,Pf4
110,Ppp1r1a,Neat1
111,Igsf9,AC149090.1
112,Gbp2,Prom1
113,Car4,Bgn
114,Ptprr,Cela1
115,H2-DMa,Meg3
116,Slc6a19,Slc12a8
117,Egln3,Lum
118,Clec2h,Tubb2a
119,Rhob,Slc50a1
120,Rasgrp2,Col1a1
121,St3gal4,Mfap4
122,Ggh,Ifitm1
123,Cnnm4,Tnc
124,Bin1,Per1
125,Dek,Aldh1a1
126,Tpm1,Creb3l1
127,Cyp4b1,Fabp2
128,Slc15a1,Pqlc1
129,1810026B05Rik,Col6a3
130,mt-Nd2,Als2cl
131,Apoc2,Hpd
132,Apoa4,Fbln2
133,Scnn1g,Tmem140
134,Baiap2l2,Kcne3
135,Hoxb6,Col6a2
136,Ramp2,Mia
137,Ipmk,Slc37a2
138,Eif2s2,Pdia5
139,Iqgap2,Sgk1
140,2210407C18Rik,5330417C22Rik
141,Rtp4,Utp14b
142,Slc40a1,Gm1123
143,Sis,Lgals1
144,Dmpk,Bglap3
145,Tppp3,H2-Q2
146,Cldn5,Ube2c
147,Rtl8b,Plet1
148,Cyp2d12,Lpl
149,Cd52,Syt7
150,Ccl17,Cbr2
151,Mier3,Rnase4
152,Slc34a2,Olfml2b
153,Gimap1,Hbb-bs
154,Tgm3,Hspg2
155,H2-DMb1,Sncg
156,Tmem158,Muc3a
157,Taf6l,Ceacam10
158,Arrdc2,Cidec
159,Gtf2h4,Tpm2
160,Lrat,Dcn
161,Hspa1b,Slc35a1
162,Irgm1,Cbs
163,Ceacam20,Gm49980
164,Apoa1,Sec11c
165,mt-Nd4l,Mmp2
166,Rtl8a,Snrpn
167,Asb2,Iglv1
168,Slc13a1,Uchl1
169,2310079G19Rik,Ceacam1
170,Klf4,Plk3
171,Napsa,Tmem252
172,Slc51a,Cd177
173,Cd79b,Chka
174,Pdlim4,Gpr20
175,Smtn,9230105E05Rik
176,Lipe,Ccl11
177,Clic5,Gm15401
178,Sh3gl1,3100003L05Rik
179,Slc51b,Vat1
180,Il4i1,Mogs
181,Hpf1,Mt3
182,Eps8l2,Car12
183,Tmem236,Tspan13
184,Apoc3,Mars
185,Cyp2d9,Ecm1
186,Dock8,Csf1
187,H2-T3,Insl5
188,Sox18,Rrm1
189,Rasef,Slc27a1
190,Parp12,Tnxb
191,Alpi,Etv5
192,Trpv3,Utp20
193,Abat,Krt20
194,Znrf1,Grp
195,Col6a4,Hspb7
196,1600020E01Rik,Tm4sf1
197,Podxl2,Chgb
198,Lars2,Ptgis
199,Cbx1,Gpx3
200,Sct,Aqp1
201,Slc3a1,Rarres2
202,Phlpp2,Fads3
203,Lyz1,Actg2
204,Atp12a,Ephb4
205,Cxcl13,Endod1
206,Fam50a,Gcnt3
207,H2-DMb2,Cd44
208,Irgm2,E330009J07Rik
209,Bambi,Clic6
210,Klf2,Pnliprp2
211,Kdf1,Emp1
212,Acta1,Lpin2
213,Bri3bp,H2-Q1
214,Ighd,Csf1r
215,Kat2b,Myh11
216,Pura,Pcsk9
217,Slc15a2,Ppard
218,Pxdc1,Impdh1
219,Ctxn1,Wfdc17
220,Cfp,Ifrd1
221,Nfix,Stc2
222,Ccl21a,Stmn3
223,Fam162a,Ccdc80
224,Ifi47,Reg3b
225,Rogdi,Cracr2a
226,Igfbp3,Stmn2
227,Lcp1,Fcna
228,Mafb,Rnf186
229,Ubd,Sult1a1
230,Igfbp5,Acta2
231,Phlda3,Vill
232,Map1b,C1qtnf3
233,Dyrk1b,Asap1
234,Osr1,Chp1
235,Cd79a,Fndc1
236,Ttr,Sox9
237,Mfge8,Sgk2
238,Ankrd44,Birc5
239,Prkg2,Dkk3
240,Arhgap45,Serpinh1
241,Trim34a,Tnfrsf12a
242,Wdfy4,Fads1
243,Pigv,Mustn1
244,Rnf213,Itga5
245,2410006H16Rik,Pibf1
246,Pstk,S100a4
247,Cd37,Serping1
248,Pyy,Tpd52l1
249,Tln1,Penk
250,Arhgdib,Col4a2
251,Hoxd13,Slc20a1
252,Cdkn1a,Gsn
253,Ube2d1,Bex1
254,Speg,Tuba1a
255,Metrn,Iapp
256,Retnla,Rpl4
257,Sestd1,Abcg5
258,Pdlim5,Hkdc1
259,Slc46a1,Aspn
260,Slc13a2,Ano7
261,Etv3,Pitpnm1
262,Igtp,Ptprs
263,5830408C22Rik,Sparcl1
264,Adh1,C1qtnf2
265,Insl6,Hepacam2
266,Spag9,Optc
267,Mmp9,Acsm3
268,Fnbp1,Cyp2f2
269,Ptpn6,Ass1
270,C3,Pla2g4c
271,AI854703,Vip
272,Npc1l1,Tmem164
273,Traf2,Ncoa7
274,Sipa1,Auts2
275,Rab3a,Slc6a14
276,Rap1gap,Fgfr1
277,Enpep,Hsdl2
278,Atf3,Calb2
279,Tbc1d10c,Cdca7
280,Fcmr,Cdhr2
281,Ms4a8a,Cdk1
282,Fbxo22,Ifitm3
283,Pla2g2d,Mki67
284,Gamt,Marveld1
285,Ccdc88b,Rgs5
286,Malt1,Dgat2
287,Vstm2l,Top2a
288,H2-Oa,Sidt1
289,Egfl7,Gucy1b1
290,Enpp2,Myl9
291,Ly6g,Adra2a
292,Jakmip1,Gja1
293,Sval1,Ehd4
294,Rasd2,Stmn1
295,Slc17a4,Tspan6
296,Gbp7,Tubb3
297,Ddx60,Ms4a7
298,Flt3l,Tph1
299,Pmaip1,Timp2
300,K230015D01Rik,Cnn1
301,Grem2,Tuba1b
302,Ncf4,Gpam
303,Hoxb4,Knstrn
304,Zgpat,Ugt2b5
305,H2-Ob,Stom
306,Bmp1,Rrm2
307,Slfn2,Hpn
308,Fam129a,Lama5
309,Smndc1,Ehd2
310,Tinagl1,Cartpt
311,Chdh,Gm13648
312,Trbc2,Procr
313,Trim21,Cmah
314,Rdh16,Cacna1h
315,Grik5,Ncam1
316,Pcp4l1,Ogn
317,Ptprc,Cfd
318,Anpep,Zfp217
319,Tnrc6b,Slc35d1
320,Tff2,B4galt5
321,Hlx,Ptprn
322,Cd22,Hilpda
323,Oxr1,Sec16a
324,Mgat4a,Dclk1
325,Rfesd,Casc4
326,Sept1,Pcolce
327,Shank3,Pclaf
328,Birc3,Klc1
329,Mpeg1,Fxyd7
330,Cldn12,Naip1
331,Myo1g,Fbn1
332,1700025G04Rik,Retn
333,Ciita,Unc93b1
334,Nkd1,Cd34
335,Spib,Gpt2
336,Cd19,Esam
337,Ms4a1,Itm2c
338,H2-Q6,Rbms2
339,Dnase1l3,Noxa1
340,Icam2,Cftr
341,Zfp503,Stk39
342,Asb13,Tgfb1i1
343,Trim30d,Fstl1
344,Vps33b,B3gnt9
345,Ppan,Crispld2
346,Ctla2a,Ppp1r9a
347,Srek1,Slc25a4
348,Naip5,Kcnh3
349,Tmem191c,Fcer1g
350,Iigp1,Cldn23
351,Map4k1,Olfml3
352,Clu,Ltbp1
353,Ghr,Rbp1
354,Ccl25,Serpinf1
355,Gimap6,F13a1
356,Il22ra2,Tmem37
357,Lamb2,Defb45
358,Kctd13,Mfap5
359,Pbld1,Cxxc5
360,Ltb4r1,Fcrls
361,Thbs1,Celf3
362,Sppl2b,Pik3c2a
363,Vpreb3,Thrsp
364,Csta1,Ffar2
365,Efna1,Ecscr
366,Hoxb8,Axl
367,Sntb2,Pcp4
368,Slc9a2,Gucy1a1
369,Rprml,Islr
370,Slc27a2,Glipr1
371,Rfx1,Trim47
372,Mrtfb,Sh3bgr
373,Uvrag,Galk1
374,Plekho1,Smim1
375,Trbc1,Pcsk1
376,Gzma,Cryab
377,Fosb,Nol6
378,Sh3tc1,Pdlim3
379,Pik3cb,Cspg4
380,Hcls1,Cavin1
381,Ccl22,Loxl1
382,Rasal3,Cd59a
383,Med12,Matk
384,Hhex,Galnt3
385,Fcer2a,AI838599
386,Gca,Cyp2c68
387,Slc25a37,Mpp3
388,Nrgn,Atp1a2
389,Rasa4,Reg3g
390,Malat1,Emilin1
391,Rac2,Sirpa
392,Dok3,Dennd5a
393,Itgb7,Slco2a1
394,Ccr7,Adamdec1
395,Acvr2a,Ezr
396,Scarf2,2410002F23Rik
397,Nt5e,Il6st
398,Cxcl10,Lgals12
399,Wfdc1,Lpcat1
400,Ccn2,B3gnt6
401,Nts,Selenon
402,Pcdh17,Podxl
403,Lsp1,Fbln1
404,Nfkbie,Clip3
405,A230059L01Rik,Actn1
406,Zzz3,Tac1
407,Jph2,Thyn1
408,Gpihbp1,Ighg2b
409,Gpr137b,Hbb-bt
410,Ikzf1,Arhgef38
411,Selplg,Fzd9
412,Ccl20,Racgap1
413,Lin37,Chrnb4
414,Itgax,Tbl3
415,Gimap3,Klhdc8b
416,Btla,Anxa6
417,Lmo2,Rgmb
418,Dok1,C1qc
419,Eps8,Asph
420,Madcam1,Mrc2
421,Sntg2,Gnl3
422,Slpi,Bhlhe41
423,Lat,Mfap2
424,Ccdc85c,Sorbs2
425,C330018D20Rik,Rapgef3
426,Rsbn1l,Sdc3
427,Ublcp1,Mrc1
428,Acpp,Rcc2
429,Gm2a,Hsd11b1
430,Arhgap9,Nmu
431,Akap8,Glipr2
432,Dtx1,Dnmt1
433,Pdzd8,Snhg15
434,Cd36,Prph
435,Sell,Melk
436,Rnf34,Nnmt
437,Ahnak2,1110051M20Rik
438,Chrdl1,Pcdh7
439,Nr4a1,Hdhd3
440,Ptger1,Plcb4
441,Egr1,Ccnb2
442,Fam219b,Acvrl1
443,Baz1a,Ces1e
444,2900026A02Rik,Hspb8
445,Amdhd2,Sh2d6
446,Icam1,Hmgb2
447,Tapt1,Smpx
448,Snn,Rtn2
449,Zfpm1,Ptpro
450,Itgb2,Aurkb
451,Zfp512,Slc43a3
452,Camk2n2,St6galnac2
453,Gpc3,Pln
454,Pde4b,Adamts10
455,Foxk1,Ltc4s
456,Kat8,Dab2
457,Dctn5,Csrp1
458,Hvcn1,Kcnh2
459,Zdhhc17,Dusp14
460,Foxf2,Hhip
461,S1pr1,Mab21l2
462,Kirrel,Col15a1
463,Polm,Pea15a
464,Aldh1a2,Igf1
465,Cxcr5,Dbn1
466,Blk,Pltp
467,Ncf1,Tent5c
468,Nudt3,Sorcs2
469,C2cd4b,Fxyd6
470,Gbp8,Plk1
471,Polr3h,Spns2
472,Fabp5,Entpd1
473,Khk,Slc12a4
474,Slc7a4,Fibin
475,Ifit1,C1s1
476,Gucd1,Tmem56
477,Taf12,Kctd14
478,Ptp4a3,Acaca
479,Il2rg,Irf4
480,Ly6h,Neurl4
481,Eipr1,Ackr4
482,Lyve1,Tle1
483,Gm20522,Gng10
484,Pi16,Dtx3
485,Atoh1,Fmo1
486,Fcrla,Pprc1
487,Kbtbd11,Mcm3
488,Cadm1,2010003K11Rik
489,Csf2rb,Pbk
490,Fes,Wnk4
491,Nom1,Frmd6
492,Cd53,Ankrd28
493,Acap1,Abi3bp
494,Lrg1,Tgfbr3
495,Lrmp,Igfbp4
496,Ip6k2,Lrrk1
497,Hoxa5,Gadd45g
498,Ldhb,Car3
499,Dis3l,Ccl8
500,Mga,Itm2a
501,Nlrc5,Baz1b
502,Rprm,Kcnn4
503,Gja4,Fxyd1
504,Slc26a3,Bicc1
505,Lhfpl2,Zcchc24
506,Prlr,Duoxa2
507,Hoxb13,Zeb2
508,Rbpms2,Dennd2a
509,Wbp4,Svep1
510,Fer1l6,Calcb
511,Grap,Arf2
512,Gimap4,Slc39a13
513,Ptprd,Piezo1
514,Il7r,Shisal1
515,Kcnk3,Pdlim7
516,Sgsm2,Ncald
517,Mylk,Tubb2b
518,Yes1,Il15
519,Gcnt2,Ly6c1
520,Fbxl14,Gask1b
521,Ttc9b,Chst12
522,Leo1,Dixdc1
523,Osbpl8,Uhrf1
524,Lyl1,Klf6
525,Traf3ip3,Srsf2
526,Nfat5,Tgm2
527,Ly6a,R3hdm1
528,Irf5,Prune1
529,Hand1,Hemk1
530,Rbm4b,Mical1
531,Prodh,Pdgfrb
532,Pirb,Eml1
533,Cr2,Prpf40b
534,Fendrr,Tifa
535,B9d2,Gng3
536,Hoxb9,Fbln5
537,Rel,Klhl23
538,Des,Col12a1
539,Msc,Snap25
540,Rad52,Fos
541,Sltm,Rian
542,Tspan32,Stt3a
543,Apobec1,C3ar1
544,Gm11946,Kdr
545,Nhej1,Mad2l1
546,Reln,Matn2
547,Sult1d1,Ceacam12
548,Setx,Slco4a1
549,Mill2,Cybrd1
550,Mapk8ip1,Myom1
551,Ankzf1,Ccna2
552,Kmt5c,Trip6
553,Ets1,Smoc2
554,Tmem173,Wapl
555,Palm,Nsg1
556,Htr4,Slc30a7
557,Armc1,Ccnb1
558,Pan3,B3galt2
559,E2f3,Mcm6
560,Phip,Gfi1
561,Akna,Zbtb20
562,Apol7c,Adgre1
563,Guca2b,Cald1
564,Srgn,Fxyd2
565,Siglecg,Hspbap1
566,Mndal,Emp3
567,Mettl14,Lhfp
568,Il16,Mcoln2
569,Rab34,Hspe1
570,Alg11,Kif5a
571,Adam8,Mmp13
572,Pld4,Scn7a
573,Dock2,Snhg1
574,Clec3b,Zfhx3
575,Cry1,Rfc4
576,Plxnd1,Insrr
577,Susd3,Mcub
578,Thbs3,Elovl5
579,Tmed1,Flna
580,Igf1r,Cav3
581,Lpxn,Cotl1
582,Prpf39,Trim46
583,Scml4,Ache
584,Cyp4f18,Hba-a2
585,Ulk2,Ppp1r15a
586,Polr3b,Trpv6
587,Rad50,Stab1
588,Pter,Pmp22
589,Lmo7,Pamr1
590,Igflr1,Fam98a
591,Mtss2,1700003I22Rik
592,Tnfrsf13c,Tspan9
593,Gm15675,Slit3
594,Tia1,Dmkn
595,Dpysl3,Fam57a
596,Fut9,Serpine2
597,Pls1,Ace
598,Trim44,Nsg2
599,Dcaf10,Tubb4a
600,Samsn1,E2f2
601,Prkcb,Fam135a
602,Ckb,S100b
603,Fcrl1,Alg14
604,Apol10a,Akr1c19
605,Rab3b,Resp18
606,Hps4,Hspb6
607,Zfp58,Hoxb5
608,Tgfbr2,Gatm
609,Tyrobp,Ephb3
610,Gpr132,Angptl7
611,Arhgap23,Rhoc
612,Slc9a3r2,Bex2
613,Mrvi1,Cps1
614,Mlxipl,Vwf
615,Vgf,Cherp
616,Ppm1l,Pacsin3
617,Arrb2,Fabp4
618,Clca4b,Slc24a3
619,Rbp4,Maoa
620,Nckap1l,Adamtsl4
621,Ifi209,Bmp4
622,Ifitm6,Folr2
623,Col20a1,Slc2a4
624,Wdr5,Yipf2
625,Cd40,Ampd2
626,Dennd4b,Ppfia3
627,Eef1a2,Abce1
628,Snapc1,Grk3
629,Pogk,Bcam
630,Cxcl9,Ablim2
631,Sirt1,Bcas3
632,Cox8b,Tipin
633,Adam33,Trappc3
634,Cd2,Prkar1b
635,5730480H06Rik,Scara5
636,Gpsm3,Prc1
637,Sash3,Dpt
638,Nnat,Krt17
639,Rnf32,Myo15b
640,Bend5,Arhgap20
641,Bnip2,Cbfa2t3
642,Cxcr6,Eno2
643,Yrdc,Nme7
644,Myo1f,Fnip1
645,Haao,Adcy5
646,Ltbp4,Thbs2
647,Cnn2,Slfn4
648,Nxpe4,Srpx
649,Ly86,Dnm1
650,Hs2st1,Arhgef28
651,Tent5b,Ccl7
652,Ctsw,Qpctl
653,Fgr,Tnfaip2
654,Ap1m1,Crabp1
655,Trpm6,Tagln3
656,Gpnmb,C1qtnf1
657,Sfrp2,Galnt15
658,Fmnl1,Zfp106
659,2010315B03Rik,Rgs2
660,Dnajb5,Adcyap1r1
661,Elk3,Spon1
662,Ifit3,Sox12
663,Zfp523,Lrig1
664,Nab2,Myo5b
665,Ccdc9b,Tnfrsf1b
666,Anxa8,Syt11
667,Plvap,Fam102b
668,Ctse,Rasd1
669,Apod,Nuf2
670,Pde5a,Fmo2
671,Bank1,Nab1
672,Laptm5,Abca8a
673,Il1rl1,Ipo9
674,Rassf2,6330403K07Rik
675,Cyth4,Rasa3
676,Il3ra,Sgce
677,Cebpb,Wnk2
678,Hepacam,Stk17b
679,Dennd5b,Syngr3
680,Snx7,Nkain4
681,Def6,Elp6
682,Rgs1,Slfn9
683,Rbpms,Vps13c
684,Alox5ap,Nanp
685,B3gnt5,P2rx1
686,Dusp26,Rims1
687,Mall,Gpr19
688,Shisa3,Car11
689,Ccdc102a,Clca3b
690,Rhoh,Kcnq1ot1
691,Muc3,Timp3
692,1110019D14Rik,Sult4a1
693,Snrpd1,Tagap1
694,Stum,Gap43
695,Runx3,Chd6
696,Kcnd3,Cav1
697,Lrrc66,Heg1
698,Bcl2a1a,Arhgap24
699,Pik3cd,Mfap3l
700,Tmx4,Fxyd4
701,Rgs19,Trim35
702,Slc6a13,Lbp
703,Gramd4,Gcc1
704,Creb3l4,Rgma
705,Rasgrp3,Prelp
706,Zfp668,Pfkfb3
707,Myc,Gdf10
708,Pde1b,Tkfc
709,Cd209a,Pgm3
710,Lmod1,A4gnt
711,Tm6sf1,Rbms1
712,Hrh1,Qpct
713,Flt3,Phkb
714,Sulf1,Apoc1
715,Msln,Ndrg4
716,Sfrp5,Kif23
717,Epdr1,Pou2af1
718,Dock10,Epha7
719,Ripor2,Tnfrsf23
720,Vars2,Wscd2
721,Klrb1b,Col23a1
722,Bin2,Armcx2
723,Ap5z1,Abcc1
724,Col5a3,Mdk
725,Hoxb5os,Tpx2
726,Ccl19,Pla2g6
727,Cep63,Mycbpap
728,Igfbp6,Slco3a1
729,Upf2,St3gal2
730,Gbp6,Dusp6
731,Itprip,Mxra8
732,Hoxa9,Tm4sf20
733,Rnase6,Gng2
734,Plekho2,Piwil4
735,Rasgrp4,Ung
736,Ddx27,Adgrl1
737,Clca3a2,Snhg16
738,Gm13261,Pbxip1
739,Cd3g,Ctxn3
740,Cacna1b,Kif12
741,Fam83d,Chp2
742,Hspa1a,Dbh
743,Brd8,Cadm3
744,Zfp958,Kif22
745,Rbm34,Pla2g7
746,Tbp,Rnf150
747,2810410L24Rik,Gstp3
748,Notch4,Rbp2
749,Ifi203,Plat
750,Ssh1,Col14a1
751,Snx18,Zbtb48
752,Bmp2k,Nup43
753,Evl,Cbx6
754,Gli1,Pwwp3a
755,Cc2d2a,Rab6b
756,Satb1,Slc36a1
757,Sla,Cdc42bpb
758,Ccdc14,Caly
759,Hoxd10,Trim25
760,Adgrb1,Rpp14
761,Map4k2,Dhx30
762,Cdc14a,Uros
763,Borcs5,Xpo1
764,Sesn3,Aurka
765,Ppwd1,Sspn
766,Serpina9,Tubb6
767,Apol9a,Kif26a
768,Rcn3,Plcg1
769,Mmrn1,Igf2
770,Ccdc152,Hba-a1
771,Vcpip1,Cdh13
772,Mcf2l,Ak1
773,Ms4a4b,Wdr6
774,Rfc3,Tshz2
775,Dmtf1,Six5
776,Col18a1,Togaram1
777,Faah,Neurod1
778,Dok2,Slc38a9
779,Mir100hg,Zfp532
780,Rfx5,Ccl12
781,Tank,Abcc8
782,Cfh,Dmbt1
783,Zfp651,P2rx7
784,Tmem108,Mgam2-ps
785,Celf4,Tmem59l
786,Kras,Acox1
787,Dner,Htr2b
788,Cd84,Tspan2
789,Abcc6,Arhgap22
790,Ttll7,Utrn
791,Lifr,Itga9
792,Sectm1b,Lrrn2
793,Abcg2,Pirt
794,Zfp707,Slc2a3
795,Aebp1,Hspb2
796,C1qb,Hhatl
797,Shprh,Gm20939
798,Ms4a4c,Adig
799,Paqr7,Car8
800,C2cd2,C1ra
801,Cybb,Syngr1
802,Cd48,Rgs13
803,Sfrp4,Hoxa11os
804,Il10ra,Kif1a
805,Npy4r,Fam49a
806,E230001N04Rik,Mllt11
807,Mir142hg,Ttll10
808,Sema4d,Gm34030
809,Arhgef10l,2810004N23Rik
810,Vtn,Colec12
811,Ddx52,Fxyd3
812,Scgn,Scg2
813,Gm37305,Pan2
814,Ckm,G0s2
815,Nap1l5,Ddi2
816,Msrb3,Garnl3
817,Gimap5,Gnao1
818,Rassf5,Vav1
819,Stxbp1,Firre
820,Nhsl1,Faim2
821,Trim7,Rps6kb1
822,Lst1,Ssu2
823,Fgfr3,Cdk5rap2
824,Parp8,Zfand1
825,Zc3h8,Adipoq
826,Nkapd1,Stx18
827,Card11,9330158H04Rik
828,Bach2,Slc18a3
829,Ccr2,Elavl4
830,Smarcd3,Fxyd5
831,Adgrg3,Espl1
832,1010001B22Rik,Hacd4
833,Ccr10,Tubb5
834,Gin1,A630023A22Rik
835,Ccdc88a,Enah
836,Ewsr1,Gjc1
837,Mdfic,Ddah2
838,Slc22a17,Dmwd
839,Jmjd7,Myzap
840,Peli2,Mageh1
841,N4bp2os,Yeats2
842,Peg3,Kcnip1
843,Rab11fip2,Gm1965
844,Fabp1,Cap2
845,Lat2,Egflam
846,Ikzf2,Abraxas1
847,Ebf1,Aoc3
848,Clcf1,Dse
849,2510046G10Rik,Snca
850,Pik3ap1,Nos1
851,Scgb3a1,Mapt
852,Bcl2a1b,Ddr2
853,Tube1,Lyz2
854,Otulinl,Mmp17
855,Gprasp2,Bmp5
856,Gfpt2,Kif21a
857,Gjc2,Kptn
858,Flt4,Pla2g2f
859,Ppm1f,Nup85
860,Arid4a,Ngb
861,Ankrd12,Flnc
862,Kyat1,C1qa
863,Birc2,Popdc2
864,Plxnb1,Aatk
865,Fnbp4,Phka2
866,Ly6d,Dock9
867,Zfp592,Syp
868,AB124611,Ncapg
869,Tnnt2,Art3
870,Gas1,Phf21b
871,Celf2,Pcsk2
872,C4b,Plekha2
873,Dffb,Phox2b
874,Peli3,Tmem268
875,Ints2,Nrep
876,Sox17,Mamdc2
877,Ppp1r18,Inmt
878,Lcp2,Chn1
879,Tet2,Plin4
880,E130317F20Rik,Tm4sf4
881,Zscan26,Mxra7
882,Mmp7,Itpkb
883,Trpv2,Synpo2
884,Rcn1,Mef2c
885,Rtn1,C9orf72
886,Fam118a,Cacnb1
887,Pgm5,Tgfb3
888,Metap1d,Casp12
889,Arhgap4,Basp1
890,Fmo5,Sephs1
891,Fst,Exph5
892,mt-Nd6,Olfr78
893,Nr4a2,Sln
894,Scg3,Myl1
895,Utp15,Serpina3n
896,Fermt3,Entpd3
897,Galnt18,Smc2
898,Zswim6,Slc39a8
899,Cenpa,Slc10a4
900,Tha1,Strip2
901,Serpina3g,Poglut2
902,Tbce,Cilp
903,Pard3b,Neurl1a
904,Fam193b,Snhg11
905,Itga4,Zcchc12
906,Tnrc6a,Ptbp2
907,C4bp,Cplx1
908,Fap,Tcf21
909,Fam107b,Tmem154
910,Arl4c,Adamts7
911,Il33,Cacna1d
912,Olfm1,Carmil3
913,Ryr3,Rpusd4
914,Qtrt2,Hand2os1
915,2610008E11Rik,Sv2a
916,Kcna2,Pimreg
917,Cd209g,Chrdl2
918,Ndufa4l2,Atl1
919,Tmem47,Fgfr4
920,Slc6a17,Adamts1
921,Riox1,Myb
922,C2cd3,Morn4
923,Mycl,Dact3
924,Lrrk2,Rhoj
925,Fat4,Ppp1r12b
926,Spc25,Pus7
927,Calcrl,Rgl1
928,Grin1,Tenm4
929,4931414P19Rik,Fhod3
930,Pld2,Fyn
931,Mgl2,Sfrp1
932,Arhgef25,Adnp2
933,Rprd1a,Hoxa7
934,Cdo1,Arsg
935,Rdx,Ptger4
936,Igfbp2,Stmn4
937,Ccdc184,Wdr35
938,Afap1,Myo5a
939,Pnpt1,Fgf10
940,Ccnl1,Napb
941,Unc5a,Chrna3
942,Nrros,Snhg10
943,Adrb2,Slc12a2
944,Camp,Zdhhc8
945,Clba1,Pnck
946,Upf3b,Rab3c
947,Cttnbp2,Wdr12
948,Nup155,Ret
949,Gimap8,Sall2
950,Jag2,Shmt1
951,I830077J02Rik,Myl4
952,Gramd1a,Cuedc1
953,Sox10,Cdc20
954,Pcolce2,Prg2
955,Pclo,Cd1d1
956,Chrm2,Tacr2
957,Agbl5,Creld1
958,Dhx33,Pcbp3
959,Cntn1,Htr3a
960,Sgo2a,Kcnab2
961,Smc4,Cav2
962,Cdh5,Tceal5
963,Cxcl14,Tmigd1
964,Rtn4rl1,Bglap
965,Mypop,Rundc3a
966,Sertad4,Sez6
967,Podn,Mmp23
968,Ido1,Prpf4
969,Cpsf6,Aplp1
970,Ankrd16,Fzd2
971,Nr2f1,Kit
972,Lepr,Pik3r5
973,Zfp459,Dpp6
974,Cytl1,Itga1
975,Unc45b,Clca3a1
976,Reck,Birc6
977,Lyrm7,Gda
978,Trim39,Fmod
979,Xcl1,Enpp3
980,Hand2,Prkd3
981,Trf,Rab3il1
982,Tspyl4,Cdh11
983,Elp3,Reep1
984,Uvssa,Scn11a
985,Nefl,Pear1
986,Lacc1,Mtmr10
987,Npm3,Lhfpl5
988,Mia2,Chil1
989,Abcc9,Papss2
990,Kdm1b,Mettl16
991,Ro60,Poglut1
992,Zfp992,Rcan2
993,Btbd9,Lrrc32
994,Apol9b,Snap91
995,S100z,Cetn4
996,Emsy,Vat1l
997,Tek,Rap2b
998,Pth1r,Dnph1
999,Gm17025,Id4
1000,Mettl5,Slc35d3
1001,Cramp1l,Cnr1
1002,Pcsk4,Asf1b
1003,Zc3h13,Olfml1
1004,Nhlrc1,Fsd1l
1005,C430042M11Rik,Hmgn3
1006,Ina,Htra3
1007,Kif5c,Zcchc18
1008,Srpk3,Svil
1009,Lrig2,Ap1s3
1010,Fstl3,Klhl21
1011,Sstr2,Rit2
1012,Arl5c,Cckar
1013,Celf6,Hist1h1d
1014,Gpr183,Syt6
1015,Itpr2,Gga2
1016,Clec2e,Scoc
1017,Hist1h1c,Evc2
1018,Zbtb38,Cend1
1019,Ctla2b,Lmln
1020,Meis2,Stra6l
1021,Foxn2,Phactr1
1022,Cenpe,Gpr37l1
1023,Pkn3,Arl4d
1024,Atp2b4,Cacna2d1
1025,Zwint,Pfn2
1026,Kcnj8,Kcnt2
1027,Ppie,Renbp
1028,Swt1,Itgam
1029,Tbc1d10b,Chl1
1030,Xpo4,Eda
1031,Zscan20,Gm15848
1032,Aldoart1,Zfp820
1033,Zbtb11,Hp
1034,Myct1,Lix1
1035,Apc,Klf15
1036,Inpp5d,Utp14a
1037,Steap4,Syk
1038,St3gal1,Nme6
1039,F2r,Fignl2
1040,Cbr4,Megf9
1041,S1pr3,Helz2
1042,Dip2c,Tmod2
1043,Vsir,Orc1
1044,Phox2a,Slc7a14
1045,B230354K17Rik,Duox2
1046,Lcn2,Lgi4
1047,C630043F03Rik,Gal
1048,Gabpb2,P2rx2
1049,Sinhcaf,Ror1
1050,Mmd,Gpc1
1051,1700029I15Rik,Ndn
1052,Pced1b,Frem2
1053,Arhgap10,Nlgn3
1054,Ric1,Ghrl
1055,Fgd5,Gas5
1056,Oasl1,Crip2
1057,Tafa5,Cd248
1058,9430065F17Rik,Stox2
1059,Rgs4,Syt4
1060,1700030K09Rik,Lrsam1
1061,Sv2b,Cp
1062,Ncapd3,Anxa3
1063,Apbb1ip,Etv4
1064,Myoc,Asic2
1065,Cldn2,Foxp2
1066,Mir17hg,Sncaip
1067,Ryr2,Scai
1068,Nudt7,Etv1
1069,Rspo3,9230112E08Rik
1070,Moxd1,Bcap29
1071,Wipf1,Cdh6
1072,Lilr4b,4930539E08Rik
1073,Tmem132a,Ssbp2
1074,Mest,Yod1
1075,Gm7160,Spock3
1076,Ccn1,Vim
1077,Emb,Aldh1a3
1078,Trmt9b,Fez1
1079,Map3k15,Swap70
1080,Mapk10,Noc4l
1081,Gcfc2,Mcm5
1082,Usp49,Fgf13
1083,Agfg1,Lonrf2
1084,Pecam1,Creb5
1085,Sik1,Pip4k2b
1086,Tagap,Syt1
1087,Zfp874a,Scg5
1088,Hspe1-rs1,Sema3g
1089,Cavin2,Bmerb1
1090,Pcsk6,Hck
1091,Pik3ip1,Tdp1
1092,Scn3a,Rcsd1
1093,Itgb3,Thy1
1094,Prdm6,Slc18a2
1095,Ptn,Thbs4
1096,Tctn3,Tnfrsf11b
1097,Plekhb1,Esco2
1098,Tead4,Sag
1099,4930503L19Rik,Adgra2
1100,Grem1,Cyp2e1
1101,Nudt13,Zfp956
1102,Zfp597,Tmprss5
1103,Arhgdig,Supt16
1104,Nkd2,Gramd2
1105,Pstpip1,Ripor3
1106,Kansl2,Nhsl2
1107,Csnk1g1,Flot2
1108,Tssk4,Pantr1
1109,Ppfibp1,Tie1
1110,Notch3,Mcam
1111,Ackr3,Jph3
1112,Colq,Hpcal4
1113,Itga2,Chek1
1114,Dmtn,Ap3b2
1115,Adgrd1,Qk
1116,Banp,Bst2
1117,Sap25,Tbc1d31
1118,Apobec3,Klk1b4
1119,Dhdh,Arhgef39
1120,C1qtnf9,Cpne4
1121,Psip1,Rad54b
1122,Sclt1,Ighg3
1123,Klhl6,Ptprb
1124,Sult1c2,Sgip1
1125,Prss30,AW551984
1126,Nrsn1,Mapk8ip2
1127,Gins3,Ppp2r2c
1128,Hap1,Kcnn3
1129,Gm28151,Adcy7
1130,Bod1l,Gfap
1131,Sh3pxd2b,Adgrb2
1132,Msn,Ythdc1
1133,Cdh17,Tnfrsf13b
1134,Ahcyl2,Shisa7
1135,Themis2,Cdh2
1136,Adamts15,Atrn
1137,Nuak1,Ntrk3
1138,Evi2a,Dpysl5
1139,Bag2,Slc5a7
1140,Gata2,Mmp12
1141,Rsad2,Asphd2
1142,Map3k20,Rims3
1143,Srgap1,Pcbp4
1144,Itgal,Plp1
1145,Cd209f,Schip1
1146,Syt17,Lrp4
1147,Vamp1,Abca2
1148,Rabgef1,Cacna1c
1149,Lax1,Tcf4
1150,Sncb,Mn1
1151,Flcn,Adamtsl1
1152,Gprasp1,Akap12
1153,Cdk14,Aif1
1154,Lgi2,Kcnmb1
1155,Cnih2,Crmp1
1156,Ccl24,Sez6l
1157,Ccdc149,Chsy3
1158,Gm48898,Usp38
1159,Agtpbp1,Msr1
1160,2900093K20Rik,Hinfp
1161,Nexn,Mxd1
1162,Cbarp,Kcnip4
1163,Slc44a2,Ttf2
1164,Gm10501,Acbd4
1165,Dnajc6,Meis1
1166,Acsl6,Brf1
1167,Glmn,Sema3f
1168,Tmod1,Osr2
1169,Intu,Jam2
1170,Il1b,Nxn
1171,Itga2b,Sgcb
1172,Ighg2c,Gdap1
1173,Cd93,Orc3
1174,Mfng,Gfra2
1175,Mab21l1,Zfp948
1176,Dpy19l1,Pnmal1
1177,Dpp10,Cep78
1178,Fgd2,Phf3
1179,Cadps,Gm4924
1180,Wnt4,Ngf
1181,Ints6l,Mmrn2
1182,Ngfr,Mmd2
1183,Lonrf1,Fktn
1184,Lrp11,Sorbs3
1185,Rabl2,Col9a2
1186,Usp33,Map3k5
1187,Ttc37,Tacc1
1188,Fermt2,Spock2
1189,Fbxo46,Cd72
1190,Ms4a6b,Npl
1191,Gnl3l,Armcx1
1192,Vcam1,Cyp2c65
1193,Rab26os,Cxcl12
1194,Npnt,Ccbe1
1195,Dnmt3a,Adamts5
1196,Rgs14,Ndc80
1197,Otud3,Sema7a
1198,Rusc2,Zfp280d
1199,Cdkn1b,Necab2
1200,Jmy,Prpf3
1201,Eln,2900076A07Rik
1202,Gpm6a,Tmem179
1203,Ackr1,Ppp2r5e
1204,Mok,Hoxa2
1205,Telo2,Car5b
1206,Sntb1,Sez6l2
1207,Fam13c,Rnf144b
1208,Adssl1,Lcorl
1209,Wipf3,Ostm1
1210,A130010J15Rik,Lrch2
1211,Dna2,Ecm2
1212,Gm47283,Minar2
1213,B4galt2,Dck
1214,Dennd3,Asb3
1215,Fam72a,Slc9a5
1216,Tle2,Apbb1
1217,Map6,Tspyl3
1218,Npy1r,Adam11
1219,Cd68,Ptch2
1220,Efemp1,Tfrc
1221,Adgrg6,Ank2
1222,Bahd1,Cpe
1223,Snapc4,AI467606
1224,Greb1,Cd83
1225,Isx,Atxn3
1226,Syt15,Ubiad1
1227,Cdc6,Vegfc
1228,Abcd2,Hs3st2
1229,Amigo2,Nefm
1230,Rgs7bp,Megf6
1231,Gng4,Higd1b
1232,Pdyn,Dmd
1233,Rbm8a2,Nav2
1234,Cox4i2,Ntn1
1235,Tns1,Angptl8
1236,Lims2,Dennd4a
1237,Kif2a,Emilin2
1238,Synm,Serpini1
1239,Magee1,Piga
1240,Dkk2,B4galnt1
1241,Nos3,Hmga2
1242,Gimap9,Ccnk
1243,Nptxr,Ccl9
1244,Ercc6,R3hdm2
1245,Plcg2,Rbm33
1246,Tmeff2,Tbc1d24
1247,Dlk1,Tmem130
1248,Cdt1,A930024E05Rik
1249,Jag1,Pfas
1250,Galr2,Klf7
1251,Tmem273,Caskin1
1252,B3galnt1,Pou3f3
1253,Eef1e1,Alkbh8
1254,Spaca6,Arsi
1255,Pid1,Bdkrb2
1256,Tspan33,Disp2
1257,Ahi1,Rbm18
1258,Apc2,Agtr1a
1259,Xk,Rbms3
1260,Ccl2,Dph5
1261,Chodl,AU020206
1262,Spire1,Ap4b1
1263,Rasl12,Zfp760
1264,Rbm15b,Spc24
1265,Syt5,Syn1
1266,Npy,BC034090
1267,Nrip2,Syn2
1268,Ptprz1,Nog
1269,Icosl,Elp2
1270,Il17rb,Aspg
1271,Ckap2l,Hoxa10
1272,AI662270,Snhg5
1273,Gfra1,Gfra1
1274,Snhg5,AI662270
1275,Hoxa10,Ckap2l
1276,Aspg,Il17rb
1277,Elp2,Icosl
1278,Nog,Ptprz1
1279,Syn2,Nrip2
1280,BC034090,Npy
1281,Syn1,Syt5
1282,Spc24,Rbm15b
1283,Zfp760,Rasl12
1284,Ap4b1,Spire1
1285,AU020206,Chodl
1286,Dph5,Ccl2
1287,Rbms3,Xk
1288,Agtr1a,Apc2
1289,Rbm18,Ahi1
1290,Disp2,Tspan33
1291,Bdkrb2,Pid1
1292,Arsi,Spaca6
1293,Alkbh8,Eef1e1
1294,Pou3f3,B3galnt1
1295,Caskin1,Tmem273
1296,Klf7,Galr2
1297,Pfas,Jag1
1298,A930024E05Rik,Cdt1
1299,Tmem130,Dlk1
1300,Tbc1d24,Tmeff2
1301,Rbm33,Plcg2
1302,R3hdm2,Ercc6
1303,Ccl9,Nptxr
1304,Ccnk,Gimap9
1305,Hmga2,Nos3
1306,B4galnt1,Dkk2
1307,Piga,Magee1
1308,Serpini1,Synm
1309,Emilin2,Kif2a
1310,Dennd4a,Lims2
1311,Angptl8,Tns1
1312,Ntn1,Cox4i2
1313,Nav2,Rbm8a2
1314,Dmd,Pdyn
1315,Higd1b,Gng4
1316,Megf6,Rgs7bp
1317,Nefm,Amigo2
1318,Hs3st2,Abcd2
1319,Vegfc,Cdc6
1320,Ubiad1,Syt15
1321,Atxn3,Isx
1322,Cd83,Greb1
1323,AI467606,Snapc4
1324,Cpe,Bahd1
1325,Ank2,Adgrg6
1326,Tfrc,Efemp1
1327,Ptch2,Cd68
1328,Adam11,Npy1r
1329,Tspyl3,Map6
1330,Apbb1,Tle2
1331,Slc9a5,Fam72a
1332,Asb3,Dennd3
1333,Dck,B4galt2
1334,Minar2,Gm47283
1335,Ecm2,Dna2
1336,Lrch2,A130010J15Rik
1337,Ostm1,Wipf3
1338,Lcorl,Adssl1
1339,Rnf144b,Fam13c
1340,Sez6l2,Sntb1
1341,Car5b,Telo2
1342,Hoxa2,Mok
1343,Ppp2r5e,Ackr1
1344,Tmem179,Gpm6a
1345,2900076A07Rik,Eln
1346,Prpf3,Jmy
1347,Necab2,Cdkn1b
1348,Zfp280d,Rusc2
1349,Sema7a,Otud3
1350,Ndc80,Rgs14
1351,Adamts5,Dnmt3a
1352,Ccbe1,Npnt
1353,Cxcl12,Rab26os
1354,Cyp2c65,Vcam1
1355,Armcx1,Gnl3l
1356,Npl,Ms4a6b
1357,Cd72,Fbxo46
1358,Spock2,Fermt2
1359,Tacc1,Ttc37
1360,Map3k5,Usp33
1361,Col9a2,Rabl2
1362,Sorbs3,Lrp11
1363,Fktn,Lonrf1
1364,Mmd2,Ngfr
1365,Mmrn2,Ints6l
1366,Ngf,Wnt4
1367,Gm4924,Cadps
1368,Phf3,Fgd2
1369,Cep78,Dpp10
1370,Pnmal1,Dpy19l1
1371,Zfp948,Mab21l1
1372,Gfra2,Mfng
1373,Orc3,Cd93
1374,Gdap1,Ighg2c
1375,Sgcb,Itga2b
1376,Nxn,Il1b
1377,Jam2,Intu
1378,Osr2,Tmod1
1379,Sema3f,Glmn
1380,Brf1,Acsl6
1381,Meis1,Dnajc6
1382,Acbd4,Gm10501
1383,Ttf2,Slc44a2
1384,Kcnip4,Cbarp
1385,Mxd1,Nexn
1386,Hinfp,2900093K20Rik
1387,Msr1,Agtpbp1
1388,Usp38,Gm48898
1389,Chsy3,Ccdc149
1390,Sez6l,Ccl24
1391,Crmp1,Cnih2
1392,Kcnmb1,Lgi2
1393,Aif1,Cdk14
1394,Akap12,Gprasp1
1395,Adamtsl1,Flcn
1396,Mn1,Sncb
1397,Tcf4,Lax1
1398,Cacna1c,Rabgef1
1399,Abca2,Vamp1
1400,Lrp4,Syt17
1401,Schip1,Cd209f
1402,Plp1,Itgal
1403,Pcbp4,Srgap1
1404,Rims3,Map3k20
1405,Asphd2,Rsad2
1406,Mmp12,Gata2
1407,Slc5a7,Bag2
1408,Dpysl5,Evi2a
1409,Ntrk3,Nuak1
1410,Atrn,Adamts15
1411,Cdh2,Themis2
1412,Shisa7,Ahcyl2
1413,Tnfrsf13b,Cdh17
1414,Ythdc1,Msn
1415,Adgrb2,Sh3pxd2b
1416,Gfap,Bod1l
1417,Adcy7,Gm28151
1418,Kcnn3,Hap1
1419,Ppp2r2c,Gins3
1420,Mapk8ip2,Nrsn1
1421,AW551984,Prss30
1422,Sgip1,Sult1c2
1423,Ptprb,Klhl6
1424,Ighg3,Sclt1
1425,Rad54b,Psip1
1426,Cpne4,C1qtnf9
1427,Arhgef39,Dhdh
1428,Klk1b4,Apobec3
1429,Tbc1d31,Sap25
1430,Bst2,Banp
1431,Qk,Adgrd1
1432,Ap3b2,Dmtn
1433,Chek1,Itga2
1434,Hpcal4,Colq
1435,Jph3,Ackr3
1436,Mcam,Notch3
1437,Tie1,Ppfibp1
1438,Pantr1,Tssk4
1439,Flot2,Csnk1g1
1440,Nhsl2,Kansl2
1441,Ripor3,Pstpip1
1442,Gramd2,Nkd2
1443,Supt16,Arhgdig
1444,Tmprss5,Zfp597
1445,Zfp956,Nudt13
1446,Cyp2e1,Grem1
1447,Adgra2,4930503L19Rik
1448,Sag,Tead4
1449,Esco2,Plekhb1
1450,Tnfrsf11b,Tctn3
1451,Thbs4,Ptn
1452,Slc18a2,Prdm6
1453,Thy1,Itgb3
1454,Rcsd1,Scn3a
1455,Tdp1,Pik3ip1
1456,Hck,Pcsk6
1457,Bmerb1,Cavin2
1458,Sema3g,Hspe1-rs1
1459,Scg5,Zfp874a
1460,Syt1,Tagap
1461,Pip4k2b,Sik1
1462,Creb5,Pecam1
1463,Lonrf2,Agfg1
1464,Fgf13,Usp49
1465,Mcm5,Gcfc2
1466,Noc4l,Mapk10
1467,Swap70,Map3k15
1468,Fez1,Trmt9b
1469,Aldh1a3,Emb
1470,Vim,Ccn1
1471,Spock3,Gm7160
1472,Yod1,Mest
1473,Ssbp2,Tmem132a
1474,4930539E08Rik,Lilr4b
1475,Cdh6,Wipf1
1476,Bcap29,Moxd1
1477,9230112E08Rik,Rspo3
1478,Etv1,Nudt7
1479,Scai,Ryr2
1480,Sncaip,Mir17hg
1481,Foxp2,Cldn2
1482,Asic2,Myoc
1483,Etv4,Apbb1ip
1484,Anxa3,Ncapd3
1485,Cp,Sv2b
1486,Lrsam1,1700030K09Rik
1487,Syt4,Rgs4
1488,Stox2,9430065F17Rik
1489,Cd248,Tafa5
1490,Crip2,Oasl1
1491,Gas5,Fgd5
1492,Ghrl,Ric1
1493,Nlgn3,Arhgap10
1494,Frem2,Pced1b
1495,Ndn,1700029I15Rik
1496,Gpc1,Mmd
1497,Ror1,Sinhcaf
1498,P2rx2,Gabpb2
1499,Gal,C630043F03Rik
1500,Lgi4,Lcn2
1501,Duox2,B230354K17Rik
1502,Slc7a14,Phox2a
1503,Orc1,Vsir
1504,Tmod2,Dip2c
1505,Helz2,S1pr3
1506,Megf9,Cbr4
1507,Fignl2,F2r
1508,Nme6,St3gal1
1509,Syk,Steap4
1510,Utp14a,Inpp5d
1511,Klf15,Apc
1512,Lix1,Myct1
1513,Hp,Zbtb11
1514,Zfp820,Aldoart1
1515,Gm15848,Zscan20
1516,Eda,Xpo4
1517,Chl1,Tbc1d10b
1518,Itgam,Swt1
1519,Renbp,Ppie
1520,Kcnt2,Kcnj8
1521,Pfn2,Zwint
1522,Cacna2d1,Atp2b4
1523,Arl4d,Pkn3
1524,Gpr37l1,Cenpe
1525,Phactr1,Foxn2
1526,Stra6l,Meis2
1527,Lmln,Ctla2b
1528,Cend1,Zbtb38
1529,Evc2,Hist1h1c
1530,Scoc,Clec2e
1531,Gga2,Itpr2
1532,Syt6,Gpr183
1533,Hist1h1d,Celf6
1534,Cckar,Arl5c
1535,Rit2,Sstr2
1536,Klhl21,Fstl3
1537,Ap1s3,Lrig2
1538,Svil,Srpk3
1539,Zcchc18,Kif5c
1540,Htra3,Ina
1541,Hmgn3,C430042M11Rik
1542,Fsd1l,Nhlrc1
1543,Olfml1,Zc3h13
1544,Asf1b,Pcsk4
1545,Cnr1,Cramp1l
1546,Slc35d3,Mettl5
1547,Id4,Gm17025
1548,Dnph1,Pth1r
1549,Rap2b,Tek
1550,Vat1l,Emsy
1551,Cetn4,S100z
1552,Snap91,Apol9b
1553,Lrrc32,Btbd9
1554,Rcan2,Zfp992
1555,Poglut1,Ro60
1556,Mettl16,Kdm1b
1557,Papss2,Abcc9
1558,Chil1,Mia2
1559,Lhfpl5,Npm3
1560,Mtmr10,Lacc1
1561,Pear1,Nefl
1562,Scn11a,Uvssa
1563,Reep1,Elp3
1564,Cdh11,Tspyl4
1565,Rab3il1,Trf
1566,Prkd3,Hand2
1567,Enpp3,Xcl1
1568,Fmod,Trim39
1569,Gda,Lyrm7
1570,Birc6,Reck
1571,Clca3a1,Unc45b
1572,Itga1,Cytl1
1573,Dpp6,Zfp459
1574,Pik3r5,Lepr
1575,Kit,Nr2f1
1576,Fzd2,Ankrd16
1577,Aplp1,Cpsf6
1578,Prpf4,Ido1
1579,Mmp23,Podn
1580,Sez6,Sertad4
1581,Rundc3a,Mypop
1582,Bglap,Rtn4rl1
1583,Tmigd1,Cxcl14
1584,Tceal5,Cdh5
1585,Cav2,Smc4
1586,Kcnab2,Sgo2a
1587,Htr3a,Cntn1
1588,Pcbp3,Dhx33
1589,Creld1,Agbl5
1590,Tacr2,Chrm2
1591,Cd1d1,Pclo
1592,Prg2,Pcolce2
1593,Cdc20,Sox10
1594,Cuedc1,Gramd1a
1595,Myl4,I830077J02Rik
1596,Shmt1,Jag2
1597,Sall2,Gimap8
1598,Ret,Nup155
1599,Wdr12,Cttnbp2
1600,Rab3c,Upf3b
1601,Pnck,Clba1
1602,Zdhhc8,Camp
1603,Slc12a2,Adrb2
1604,Snhg10,Nrros
1605,Chrna3,Unc5a
1606,Napb,Ccnl1
1607,Fgf10,Pnpt1
1608,Myo5a,Afap1
1609,Wdr35,Ccdc184
1610,Stmn4,Igfbp2
1611,Ptger4,Rdx
1612,Arsg,Cdo1
1613,Hoxa7,Rprd1a
1614,Adnp2,Arhgef25
1615,Sfrp1,Mgl2
1616,Fyn,Pld2
1617,Fhod3,4931414P19Rik
1618,Tenm4,Grin1
1619,Rgl1,Calcrl
1620,Pus7,Spc25
1621,Ppp1r12b,Fat4
1622,Rhoj,Lrrk2
1623,Dact3,Mycl
1624,Morn4,C2cd3
1625,Myb,Riox1
1626,Adamts1,Slc6a17
1627,Fgfr4,Tmem47
1628,Atl1,Ndufa4l2
1629,Chrdl2,Cd209g
1630,Pimreg,Kcna2
1631,Sv2a,2610008E11Rik
1632,Hand2os1,Qtrt2
1633,Rpusd4,Ryr3
1634,Carmil3,Olfm1
1635,Cacna1d,Il33
1636,Adamts7,Arl4c
1637,Tmem154,Fam107b
1638,Tcf21,Fap
1639,Cplx1,C4bp
1640,Ptbp2,Tnrc6a
1641,Zcchc12,Itga4
1642,Snhg11,Fam193b
1643,Neurl1a,Pard3b
1644,Cilp,Tbce
1645,Poglut2,Serpina3g
1646,Strip2,Tha1
1647,Slc10a4,Cenpa
1648,Slc39a8,Zswim6
1649,Smc2,Galnt18
1650,Entpd3,Fermt3
1651,Serpina3n,Utp15
1652,Myl1,Scg3
1653,Sln,Nr4a2
1654,Olfr78,mt-Nd6
1655,Exph5,Fst
1656,Sephs1,Fmo5
1657,Basp1,Arhgap4
1658,Casp12,Metap1d
1659,Tgfb3,Pgm5
1660,Cacnb1,Fam118a
1661,C9orf72,Rtn1
1662,Mef2c,Rcn1
1663,Synpo2,Trpv2
1664,Itpkb,Mmp7
1665,Mxra7,Zscan26
1666,Tm4sf4,E130317F20Rik
1667,Plin4,Tet2
1668,Chn1,Lcp2
1669,Inmt,Ppp1r18
1670,Mamdc2,Sox17
1671,Nrep,Ints2
1672,Tmem268,Peli3
1673,Phox2b,Dffb
1674,Plekha2,C4b
1675,Pcsk2,Celf2
1676,Phf21b,Gas1
1677,Art3,Tnnt2
1678,Ncapg,AB124611
1679,Syp,Zfp592
1680,Dock9,Ly6d
1681,Phka2,Fnbp4
1682,Aatk,Plxnb1
1683,Popdc2,Birc2
1684,C1qa,Kyat1
1685,Flnc,Ankrd12
1686,Ngb,Arid4a
1687,Nup85,Ppm1f
1688,Pla2g2f,Flt4
1689,Kptn,Gjc2
1690,Kif21a,Gfpt2
1691,Bmp5,Gprasp2
1692,Mmp17,Otulinl
1693,Lyz2,Tube1
1694,Ddr2,Bcl2a1b
1695,Mapt,Scgb3a1
1696,Nos1,Pik3ap1
1697,Snca,2510046G10Rik
1698,Dse,Clcf1
1699,Aoc3,Ebf1
1700,Abraxas1,Ikzf2
1701,Egflam,Lat2
1702,Cap2,Fabp1
1703,Gm1965,Rab11fip2
1704,Kcnip1,Peg3
1705,Yeats2,N4bp2os
1706,Mageh1,Peli2
1707,Myzap,Jmjd7
1708,Dmwd,Slc22a17
1709,Ddah2,Mdfic
1710,Gjc1,Ewsr1
1711,Enah,Ccdc88a
1712,A630023A22Rik,Gin1
1713,Tubb5,Ccr10
1714,Hacd4,1010001B22Rik
1715,Espl1,Adgrg3
1716,Fxyd5,Smarcd3
1717,Elavl4,Ccr2
1718,Slc18a3,Bach2
1719,9330158H04Rik,Card11
1720,Stx18,Nkapd1
1721,Adipoq,Zc3h8
1722,Zfand1,Parp8
1723,Cdk5rap2,Fgfr3
1724,Ssu2,Lst1
1725,Rps6kb1,Trim7
1726,Faim2,Nhsl1
1727,Firre,Stxbp1
1728,Vav1,Rassf5
1729,Gnao1,Gimap5
1730,Garnl3,Msrb3
1731,Ddi2,Nap1l5
1732,G0s2,Ckm
1733,Pan2,Gm37305
1734,Scg2,Scgn
1735,Fxyd3,Ddx52
1736,Colec12,Vtn
1737,2810004N23Rik,Arhgef10l
1738,Gm34030,Sema4d
1739,Ttll10,Mir142hg
1740,Mllt11,E230001N04Rik
1741,Fam49a,Npy4r
1742,Kif1a,Il10ra
1743,Hoxa11os,Sfrp4
1744,Rgs13,Cd48
1745,Syngr1,Cybb
1746,C1ra,C2cd2
1747,Car8,Paqr7
1748,Adig,Ms4a4c
1749,Gm20939,Shprh
1750,Hhatl,C1qb
1751,Hspb2,Aebp1
1752,Slc2a3,Zfp707
1753,Pirt,Abcg2
1754,Lrrn2,Sectm1b
1755,Itga9,Lifr
1756,Utrn,Ttll7
1757,Arhgap22,Abcc6
1758,Tspan2,Cd84
1759,Htr2b,Dner
1760,Acox1,Kras
1761,Tmem59l,Celf4
1762,Mgam2-ps,Tmem108
1763,P2rx7,Zfp651
1764,Dmbt1,Cfh
1765,Abcc8,Tank
1766,Ccl12,Rfx5
1767,Zfp532,Mir100hg
1768,Slc38a9,Dok2
1769,Neurod1,Faah
1770,Togaram1,Col18a1
1771,Six5,Dmtf1
1772,Tshz2,Rfc3
1773,Wdr6,Ms4a4b
1774,Ak1,Mcf2l
1775,Cdh13,Vcpip1
1776,Hba-a1,Ccdc152
1777,Igf2,Mmrn1
1778,Plcg1,Rcn3
1779,Kif26a,Apol9a
1780,Tubb6,Serpina9
1781,Sspn,Ppwd1
1782,Aurka,Sesn3
1783,Xpo1,Borcs5
1784,Uros,Cdc14a
1785,Dhx30,Map4k2
1786,Rpp14,Adgrb1
1787,Trim25,Hoxd10
1788,Caly,Ccdc14
1789,Cdc42bpb,Sla
1790,Slc36a1,Satb1
1791,Rab6b,Cc2d2a
1792,Pwwp3a,Gli1
1793,Cbx6,Evl
1794,Nup43,Bmp2k
1795,Zbtb48,Snx18
1796,Col14a1,Ssh1
1797,Plat,Ifi203
1798,Rbp2,Notch4
1799,Gstp3,2810410L24Rik
1800,Rnf150,Tbp
1801,Pla2g7,Rbm34
1802,Kif22,Zfp958
1803,Cadm3,Brd8
1804,Dbh,Hspa1a
1805,Chp2,Fam83d
1806,Kif12,Cacna1b
1807,Ctxn3,Cd3g
1808,Pbxip1,Gm13261
1809,Snhg16,Clca3a2
1810,Adgrl1,Ddx27
1811,Ung,Rasgrp4
1812,Piwil4,Plekho2
1813,Gng2,Rnase6
1814,Tm4sf20,Hoxa9
1815,Mxra8,Itprip
1816,Dusp6,Gbp6
1817,St3gal2,Upf2
1818,Slco3a1,Igfbp6
1819,Mycbpap,Cep63
1820,Pla2g6,Ccl19
1821,Tpx2,Hoxb5os
1822,Mdk,Col5a3
1823,Abcc1,Ap5z1
1824,Armcx2,Bin2
1825,Col23a1,Klrb1b
1826,Wscd2,Vars2
1827,Tnfrsf23,Ripor2
1828,Epha7,Dock10
1829,Pou2af1,Epdr1
1830,Kif23,Sfrp5
1831,Ndrg4,Msln
1832,Apoc1,Sulf1
1833,Phkb,Flt3
1834,Qpct,Hrh1
1835,Rbms1,Tm6sf1
1836,A4gnt,Lmod1
1837,Pgm3,Cd209a
1838,Tkfc,Pde1b
1839,Gdf10,Myc
1840,Pfkfb3,Zfp668
1841,Prelp,Rasgrp3
1842,Rgma,Creb3l4
1843,Gcc1,Gramd4
1844,Lbp,Slc6a13
1845,Trim35,Rgs19
1846,Fxyd4,Tmx4
1847,Mfap3l,Pik3cd
1848,Arhgap24,Bcl2a1a
1849,Heg1,Lrrc66
1850,Cav1,Kcnd3
1851,Chd6,Runx3
1852,Gap43,Stum
1853,Tagap1,Snrpd1
1854,Sult4a1,1110019D14Rik
1855,Timp3,Muc3
1856,Kcnq1ot1,Rhoh
1857,Clca3b,Ccdc102a
1858,Car11,Shisa3
1859,Gpr19,Mall
1860,Rims1,Dusp26
1861,P2rx1,B3gnt5
1862,Nanp,Alox5ap
1863,Vps13c,Rbpms
1864,Slfn9,Rgs1
1865,Elp6,Def6
1866,Nkain4,Snx7
1867,Syngr3,Dennd5b
1868,Stk17b,Hepacam
1869,Wnk2,Cebpb
1870,Sgce,Il3ra
1871,Rasa3,Cyth4
1872,6330403K07Rik,Rassf2
1873,Ipo9,Il1rl1
1874,Abca8a,Laptm5
1875,Nab1,Bank1
1876,Fmo2,Pde5a
1877,Nuf2,Apod
1878,Rasd1,Ctse
1879,Fam102b,Plvap
1880,Syt11,Anxa8
1881,Tnfrsf1b,Ccdc9b
1882,Myo5b,Nab2
1883,Lrig1,Zfp523
1884,Sox12,Ifit3
1885,Spon1,Elk3
1886,Adcyap1r1,Dnajb5
1887,Rgs2,2010315B03Rik
1888,Zfp106,Fmnl1
1889,Galnt15,Sfrp2
1890,C1qtnf1,Gpnmb
1891,Tagln3,Trpm6
1892,Crabp1,Ap1m1
1893,Tnfaip2,Fgr
1894,Qpctl,Ctsw
1895,Ccl7,Tent5b
1896,Arhgef28,Hs2st1
1897,Dnm1,Ly86
1898,Srpx,Nxpe4
1899,Slfn4,Cnn2
1900,Thbs2,Ltbp4
1901,Adcy5,Haao
1902,Fnip1,Myo1f
1903,Nme7,Yrdc
1904,Eno2,Cxcr6
1905,Cbfa2t3,Bnip2
1906,Arhgap20,Bend5
1907,Myo15b,Rnf32
1908,Krt17,Nnat
1909,Dpt,Sash3
1910,Prc1,Gpsm3
1911,Scara5,5730480H06Rik
1912,Prkar1b,Cd2
1913,Trappc3,Adam33
1914,Tipin,Cox8b
1915,Bcas3,Sirt1
1916,Ablim2,Cxcl9
1917,Bcam,Pogk
1918,Grk3,Snapc1
1919,Abce1,Eef1a2
1920,Ppfia3,Dennd4b
1921,Ampd2,Cd40
1922,Yipf2,Wdr5
1923,Slc2a4,Col20a1
1924,Folr2,Ifitm6
1925,Bmp4,Ifi209
1926,Adamtsl4,Nckap1l
1927,Maoa,Rbp4
1928,Slc24a3,Clca4b
1929,Fabp4,Arrb2
1930,Pacsin3,Ppm1l
1931,Cherp,Vgf
1932,Vwf,Mlxipl
1933,Cps1,Mrvi1
1934,Bex2,Slc9a3r2
1935,Rhoc,Arhgap23
1936,Angptl7,Gpr132
1937,Ephb3,Tyrobp
1938,Gatm,Tgfbr2
1939,Hoxb5,Zfp58
1940,Hspb6,Hps4
1941,Resp18,Rab3b
1942,Akr1c19,Apol10a
1943,Alg14,Fcrl1
1944,S100b,Ckb
1945,Fam135a,Prkcb
1946,E2f2,Samsn1
1947,Tubb4a,Dcaf10
1948,Nsg2,Trim44
1949,Ace,Pls1
1950,Serpine2,Fut9
1951,Fam57a,Dpysl3
1952,Dmkn,Tia1
1953,Slit3,Gm15675
1954,Tspan9,Tnfrsf13c
1955,1700003I22Rik,Mtss2
1956,Fam98a,Igflr1
1957,Pamr1,Lmo7
1958,Pmp22,Pter
1959,Stab1,Rad50
1960,Trpv6,Polr3b
1961,Ppp1r15a,Ulk2
1962,Hba-a2,Cyp4f18
1963,Ache,Scml4
1964,Trim46,Prpf39
1965,Cotl1,Lpxn
1966,Cav3,Igf1r
1967,Flna,Tmed1
1968,Elovl5,Thbs3
1969,Mcub,Susd3
1970,Insrr,Plxnd1
1971,Rfc4,Cry1
1972,Zfhx3,Clec3b
1973,Snhg1,Dock2
1974,Scn7a,Pld4
1975,Mmp13,Adam8
1976,Kif5a,Alg11
1977,Hspe1,Rab34
1978,Mcoln2,Il16
1979,Lhfp,Mettl14
1980,Emp3,Mndal
1981,Hspbap1,Siglecg
1982,Fxyd2,Srgn
1983,Cald1,Guca2b
1984,Adgre1,Apol7c
1985,Zbtb20,Akna
1986,Gfi1,Phip
1987,Mcm6,E2f3
1988,B3galt2,Pan3
1989,Ccnb1,Armc1
1990,Slc30a7,Htr4
1991,Nsg1,Palm
1992,Wapl,Tmem173
1993,Smoc2,Ets1
1994,Trip6,Kmt5c
1995,Ccna2,Ankzf1
1996,Myom1,Mapk8ip1
1997,Cybrd1,Mill2
1998,Slco4a1,Setx
1999,Ceacam12,Sult1d1
2000,Matn2,Reln
2001,Mad2l1,Nhej1
2002,Kdr,Gm11946
2003,C3ar1,Apobec1
2004,Stt3a,Tspan32
2005,Rian,Sltm
2006,Fos,Rad52
2007,Snap25,Msc
2008,Col12a1,Des
2009,Klhl23,Rel
2010,Fbln5,Hoxb9
2011,Gng3,B9d2
2012,Tifa,Fendrr
2013,Prpf40b,Cr2
2014,Eml1,Pirb
2015,Pdgfrb,Prodh
2016,Mical1,Rbm4b
2017,Hemk1,Hand1
2018,Prune1,Irf5
2019,R3hdm1,Ly6a
2020,Tgm2,Nfat5
2021,Srsf2,Traf3ip3
2022,Klf6,Lyl1
2023,Uhrf1,Osbpl8
2024,Dixdc1,Leo1
2025,Chst12,Ttc9b
2026,Gask1b,Fbxl14
2027,Ly6c1,Gcnt2
2028,Il15,Yes1
2029,Tubb2b,Mylk
2030,Ncald,Sgsm2
2031,Pdlim7,Kcnk3
2032,Shisal1,Il7r
2033,Piezo1,Ptprd
2034,Slc39a13,Gimap4
2035,Arf2,Grap
2036,Calcb,Fer1l6
2037,Svep1,Wbp4
2038,Dennd2a,Rbpms2
2039,Zeb2,Hoxb13
2040,Duoxa2,Prlr
2041,Zcchc24,Lhfpl2
2042,Bicc1,Slc26a3
2043,Fxyd1,Gja4
2044,Kcnn4,Rprm
2045,Baz1b,Nlrc5
2046,Itm2a,Mga
2047,Ccl8,Dis3l
2048,Car3,Ldhb
2049,Gadd45g,Hoxa5
2050,Lrrk1,Ip6k2
2051,Igfbp4,Lrmp
2052,Tgfbr3,Lrg1
2053,Abi3bp,Acap1
2054,Ankrd28,Cd53
2055,Frmd6,Nom1
2056,Wnk4,Fes
2057,Pbk,Csf2rb
2058,2010003K11Rik,Cadm1
2059,Mcm3,Kbtbd11
2060,Pprc1,Fcrla
2061,Fmo1,Atoh1
2062,Dtx3,Pi16
2063,Gng10,Gm20522
2064,Tle1,Lyve1
2065,Ackr4,Eipr1
2066,Neurl4,Ly6h
2067,Irf4,Il2rg
2068,Acaca,Ptp4a3
2069,Kctd14,Taf12
2070,Tmem56,Gucd1
2071,C1s1,Ifit1
2072,Fibin,Slc7a4
2073,Slc12a4,Khk
2074,Entpd1,Fabp5
2075,Spns2,Polr3h
2076,Plk1,Gbp8
2077,Fxyd6,C2cd4b
2078,Sorcs2,Nudt3
2079,Tent5c,Ncf1
2080,Pltp,Blk
2081,Dbn1,Cxcr5
2082,Igf1,Aldh1a2
2083,Pea15a,Polm
2084,Col15a1,Kirrel
2085,Mab21l2,S1pr1
2086,Hhip,Foxf2
2087,Dusp14,Zdhhc17
2088,Kcnh2,Hvcn1
2089,Csrp1,Dctn5
2090,Dab2,Kat8
2091,Ltc4s,Foxk1
2092,Adamts10,Pde4b
2093,Pln,Gpc3
2094,St6galnac2,Camk2n2
2095,Slc43a3,Zfp512
2096,Aurkb,Itgb2
2097,Ptpro,Zfpm1
2098,Rtn2,Snn
2099,Smpx,Tapt1
2100,Hmgb2,Icam1
2101,Sh2d6,Amdhd2
2102,Hspb8,2900026A02Rik
2103,Ces1e,Baz1a
2104,Acvrl1,Fam219b
2105,Ccnb2,Egr1
2106,Plcb4,Ptger1
2107,Hdhd3,Nr4a1
2108,Pcdh7,Chrdl1
2109,1110051M20Rik,Ahnak2
2110,Nnmt,Rnf34
2111,Melk,Sell
2112,Prph,Cd36
2113,Snhg15,Pdzd8
2114,Dnmt1,Dtx1
2115,Glipr2,Akap8
2116,Nmu,Arhgap9
2117,Hsd11b1,Gm2a
2118,Rcc2,Acpp
2119,Mrc1,Ublcp1
2120,Sdc3,Rsbn1l
2121,Rapgef3,C330018D20Rik
2122,Sorbs2,Ccdc85c
2123,Mfap2,Lat
2124,Bhlhe41,Slpi
2125,Gnl3,Sntg2
2126,Mrc2,Madcam1
2127,Asph,Eps8
2128,C1qc,Dok1
2129,Rgmb,Lmo2
2130,Anxa6,Btla
2131,Klhdc8b,Gimap3
2132,Tbl3,Itgax
2133,Chrnb4,Lin37
2134,Racgap1,Ccl20
2135,Fzd9,Selplg
2136,Arhgef38,Ikzf1
2137,Hbb-bt,Gpr137b
2138,Ighg2b,Gpihbp1
2139,Thyn1,Jph2
2140,Tac1,Zzz3
2141,Actn1,A230059L01Rik
2142,Clip3,Nfkbie
2143,Fbln1,Lsp1
2144,Podxl,Pcdh17
2145,Selenon,Nts
2146,B3gnt6,Ccn2
2147,Lpcat1,Wfdc1
2148,Lgals12,Cxcl10
2149,Il6st,Nt5e
2150,2410002F23Rik,Scarf2
2151,Ezr,Acvr2a
2152,Adamdec1,Ccr7
2153,Slco2a1,Itgb7
2154,Dennd5a,Dok3
2155,Sirpa,Rac2
2156,Emilin1,Malat1
2157,Reg3g,Rasa4
2158,Atp1a2,Nrgn
2159,Mpp3,Slc25a37
2160,Cyp2c68,Gca
2161,AI838599,Fcer2a
2162,Galnt3,Hhex
2163,Matk,Med12
2164,Cd59a,Rasal3
2165,Loxl1,Ccl22
2166,Cavin1,Hcls1
2167,Cspg4,Pik3cb
2168,Pdlim3,Sh3tc1
2169,Nol6,Fosb
2170,Cryab,Gzma
2171,Pcsk1,Trbc1
2172,Smim1,Plekho1
2173,Galk1,Uvrag
2174,Sh3bgr,Mrtfb
2175,Trim47,Rfx1
2176,Glipr1,Slc27a2
2177,Islr,Rprml
2178,Gucy1a1,Slc9a2
2179,Pcp4,Sntb2
2180,Axl,Hoxb8
2181,Ecscr,Efna1
2182,Ffar2,Csta1
2183,Thrsp,Vpreb3
2184,Pik3c2a,Sppl2b
2185,Celf3,Thbs1
2186,Fcrls,Ltb4r1
2187,Cxxc5,Pbld1
2188,Mfap5,Kctd13
2189,Defb45,Lamb2
2190,Tmem37,Il22ra2
2191,F13a1,Gimap6
2192,Serpinf1,Ccl25
2193,Rbp1,Ghr
2194,Ltbp1,Clu
2195,Olfml3,Map4k1
2196,Cldn23,Iigp1
2197,Fcer1g,Tmem191c
2198,Kcnh3,Naip5
2199,Slc25a4,Srek1
2200,Ppp1r9a,Ctla2a
2201,Crispld2,Ppan
2202,B3gnt9,Vps33b
2203,Fstl1,Trim30d
2204,Tgfb1i1,Asb13
2205,Stk39,Zfp503
2206,Cftr,Icam2
2207,Noxa1,Dnase1l3
2208,Rbms2,H2-Q6
2209,Itm2c,Ms4a1
2210,Esam,Cd19
2211,Gpt2,Spib
2212,Cd34,Nkd1
2213,Unc93b1,Ciita
2214,Retn,1700025G04Rik
2215,Fbn1,Myo1g
2216,Naip1,Cldn12
2217,Fxyd7,Mpeg1
2218,Klc1,Birc3
2219,Pclaf,Shank3
2220,Pcolce,Sept1
2221,Casc4,Rfesd
2222,Dclk1,Mgat4a
2223,Sec16a,Oxr1
2224,Hilpda,Cd22
2225,Ptprn,Hlx
2226,B4galt5,Tff2
2227,Slc35d1,Tnrc6b
2228,Zfp217,Anpep
2229,Cfd,Ptprc
2230,Ogn,Pcp4l1
2231,Ncam1,Grik5
2232,Cacna1h,Rdh16
2233,Cmah,Trim21
2234,Procr,Trbc2
2235,Gm13648,Chdh
2236,Cartpt,Tinagl1
2237,Ehd2,Smndc1
2238,Lama5,Fam129a
2239,Hpn,Slfn2
2240,Rrm2,Bmp1
2241,Stom,H2-Ob
2242,Ugt2b5,Zgpat
2243,Knstrn,Hoxb4
2244,Gpam,Ncf4
2245,Tuba1b,Grem2
2246,Cnn1,K230015D01Rik
2247,Timp2,Pmaip1
2248,Tph1,Flt3l
2249,Ms4a7,Ddx60
2250,Tubb3,Gbp7
2251,Tspan6,Slc17a4
2252,Stmn1,Rasd2
2253,Ehd4,Sval1
2254,Gja1,Jakmip1
2255,Adra2a,Ly6g
2256,Myl9,Enpp2
2257,Gucy1b1,Egfl7
2258,Sidt1,H2-Oa
2259,Top2a,Vstm2l
2260,Dgat2,Malt1
2261,Rgs5,Ccdc88b
2262,Marveld1,Gamt
2263,Mki67,Pla2g2d
2264,Ifitm3,Fbxo22
2265,Cdk1,Ms4a8a
2266,Cdhr2,Fcmr
2267,Cdca7,Tbc1d10c
2268,Calb2,Atf3
2269,Hsdl2,Enpep
2270,Fgfr1,Rap1gap
2271,Slc6a14,Rab3a
2272,Auts2,Sipa1
2273,Ncoa7,Traf2
2274,Tmem164,Npc1l1
2275,Vip,AI854703
2276,Pla2g4c,C3
2277,Ass1,Ptpn6
2278,Cyp2f2,Fnbp1
2279,Acsm3,Mmp9
2280,Optc,Spag9
2281,Hepacam2,Insl6
2282,C1qtnf2,Adh1
2283,Sparcl1,5830408C22Rik
2284,Ptprs,Igtp
2285,Pitpnm1,Etv3
2286,Ano7,Slc13a2
2287,Aspn,Slc46a1
2288,Hkdc1,Pdlim5
2289,Abcg5,Sestd1
2290,Rpl4,Retnla
2291,Iapp,Metrn
2292,Tuba1a,Speg
2293,Bex1,Ube2d1
2294,Gsn,Cdkn1a
2295,Slc20a1,Hoxd13
2296,Col4a2,Arhgdib
2297,Penk,Tln1
2298,Tpd52l1,Pyy
2299,Serping1,Cd37
2300,S100a4,Pstk
2301,Pibf1,2410006H16Rik
2302,Itga5,Rnf213
2303,Mustn1,Pigv
2304,Fads1,Wdfy4
2305,Tnfrsf12a,Trim34a
2306,Serpinh1,Arhgap45
2307,Dkk3,Prkg2
2308,Birc5,Ankrd44
2309,Sgk2,Mfge8
2310,Sox9,Ttr
2311,Fndc1,Cd79a
2312,Chp1,Osr1
2313,Asap1,Dyrk1b
2314,C1qtnf3,Map1b
2315,Vill,Phlda3
2316,Acta2,Igfbp5
2317,Sult1a1,Ubd
2318,Rnf186,Mafb
2319,Fcna,Lcp1
2320,Stmn2,Igfbp3
2321,Cracr2a,Rogdi
2322,Reg3b,Ifi47
2323,Ccdc80,Fam162a
2324,Stmn3,Ccl21a
2325,Stc2,Nfix
2326,Ifrd1,Cfp
2327,Wfdc17,Ctxn1
2328,Impdh1,Pxdc1
2329,Ppard,Slc15a2
2330,Pcsk9,Pura
2331,Myh11,Kat2b
2332,Csf1r,Ighd
2333,H2-Q1,Bri3bp
2334,Lpin2,Acta1
2335,Emp1,Kdf1
2336,Pnliprp2,Klf2
2337,Clic6,Bambi
2338,E330009J07Rik,Irgm2
2339,Cd44,H2-DMb2
2340,Gcnt3,Fam50a
2341,Endod1,Cxcl13
2342,Ephb4,Atp12a
2343,Actg2,Lyz1
2344,Fads3,Phlpp2
2345,Rarres2,Slc3a1
2346,Aqp1,Sct
2347,Gpx3,Cbx1
2348,Ptgis,Lars2
2349,Chgb,Podxl2
2350,Tm4sf1,1600020E01Rik
2351,Hspb7,Col6a4
2352,Grp,Znrf1
2353,Krt20,Abat
2354,Utp20,Trpv3
2355,Etv5,Alpi
2356,Tnxb,Parp12
2357,Slc27a1,Rasef
2358,Rrm1,Sox18
2359,Insl5,H2-T3
2360,Csf1,Dock8
2361,Ecm1,Cyp2d9
2362,Mars,Apoc3
2363,Tspan13,Tmem236
2364,Car12,Eps8l2
2365,Mt3,Hpf1
2366,Mogs,Il4i1
2367,Vat1,Slc51b
2368,3100003L05Rik,Sh3gl1
2369,Gm15401,Clic5
2370,Ccl11,Lipe
2371,9230105E05Rik,Smtn
2372,Gpr20,Pdlim4
2373,Chka,Cd79b
2374,Cd177,Slc51a
2375,Tmem252,Napsa
2376,Plk3,Klf4
2377,Ceacam1,2310079G19Rik
2378,Uchl1,Slc13a1
2379,Iglv1,Asb2
2380,Snrpn,Rtl8a
2381,Mmp2,mt-Nd4l
2382,Sec11c,Apoa1
2383,Gm49980,Ceacam20
2384,Cbs,Irgm1
2385,Slc35a1,Hspa1b
2386,Dcn,Lrat
2387,Tpm2,Gtf2h4
2388,Cidec,Arrdc2
2389,Ceacam10,Taf6l
2390,Muc3a,Tmem158
2391,Sncg,H2-DMb1
2392,Hspg2,Tgm3
2393,Hbb-bs,Gimap1
2394,Olfml2b,Slc34a2
2395,Rnase4,Mier3
2396,Cbr2,Ccl17
2397,Syt7,Cd52
2398,Lpl,Cyp2d12
2399,Plet1,Rtl8b
2400,Ube2c,Cldn5
2401,H2-Q2,Tppp3
2402,Bglap3,Dmpk
2403,Lgals1,Sis
2404,Gm1123,Slc40a1
2405,Utp14b,Rtp4
2406,5330417C22Rik,2210407C18Rik
2407,Sgk1,Iqgap2
2408,Pdia5,Eif2s2
2409,Slc37a2,Ipmk
2410,Mia,Ramp2
2411,Col6a2,Hoxb6
2412,Kcne3,Baiap2l2
2413,Tmem140,Scnn1g
2414,Fbln2,Apoa4
2415,Hpd,Apoc2
2416,Als2cl,mt-Nd2
2417,Col6a3,1810026B05Rik
2418,Pqlc1,Slc15a1
2419,Fabp2,Cyp4b1
2420,Creb3l1,Tpm1
2421,Aldh1a1,Dek
2422,Per1,Bin1
2423,Tnc,Cnnm4
2424,Ifitm1,Ggh
2425,Mfap4,St3gal4
2426,Col1a1,Rasgrp2
2427,Slc50a1,Rhob
2428,Tubb2a,Clec2h
2429,Lum,Egln3
2430,Slc12a8,Slc6a19
2431,Meg3,H2-DMa
2432,Cela1,Ptprr
2433,Bgn,Car4
2434,Prom1,Gbp2
2435,AC149090.1,Igsf9
2436,Neat1,Ppp1r1a
2437,Pf4,Slc10a2
2438,Hsd3b3,Unc119
2439,Slc26a2,H2-Q7
2440,Sprr2a3,Isg15
2441,Gpd1,Tap1
2442,Vstm5,Noct
2443,Slc1a4,AA467197
2444,Ugdh,Ccng2
2445,Prnp,Smpdl3a
2446,Ccn3,Plac8
2447,Prap1,Oasl2
2448,Ifitm2,Hexb
2449,Chga,Sod3
2450,Col3a1,Cdhr5
2451,Col8a1,Slc6a8
2452,Col6a1,Ikbkb
2453,Aacs,Gm42031
2454,Hao2,Mep1b
2455,Sprr1a,Tgfbi
2456,Mgat4c,Ccl5
2457,St3gal6,Lama3
2458,Spdef,Plch2
2459,Hmgcs2,Neu1
2460,Capg,Limd2
2461,Mgp,Sult1b1
2462,Cpn1,Prss23
2463,Mettl7b,Gcg
2464,Hif1a,Cyp2d26
2465,Fa2h,Coro1a
2466,Postn,Zfp219
2467,Ces1d,Ifngr1
2468,Gsdmc3,Nrtn
2469,Tceal9,Tmem45b
2470,Fn1,Leng9
2471,Sst,Dut
2472,Ighm,Ltb
2473,Il18,Smim38
2474,Ces1g,Parp14
2475,Ly6m,Slc35f5
2476,Nxpe2,Ptprcap
2477,Pde2a,Apob
2478,Me1,Bmp2
2479,Muc4,Glrx
2480,Cd24a,Gcnt1
2481,Sparc,Ighg1
2482,Eno3,Rgcc
2483,Tns4,Lsm2
2484,Fkbp11,Ivns1abp
2485,Tnni1,Ace2
2486,Slc9a3,Nudt4
2487,Gsta3,Rfk
2488,B3gnt7,Psd
2489,1810065E05Rik,Igfbp7
2490,Angptl2,BC029722
2491,Col1a2,Fabp6
2492,Mzb1,Hmcn2
2493,Ggt1,Cyp2d34
2494,Gstk1,Cmtm7
2495,Ly6c2,Spi1
2496,Fut2,Cyp3a13
2497,Cldn15,Gm1673
2498,Sdcbp2,Fbxl8
2499,Ppy,Irf7
2500,Maged1,Zfp384
2501,Scd1,Sdf2l1
2502,Ccl6,Spon2
2503,Wfdc18,Exosc3
2504,Defb37,Fbxl22
2505,Clca4a,Upp1
2506,Dpep1,Nbl1
2507,Iglc3,2610528A11Rik
2508,Fasn,Hopx
2509,Cd81,Btg1
2510,Slc17a9,Bmp3
2511,Nupr1,Mep1a
2512,St3gal3,Mal
2513,Ces2e,Abhd17a
2514,Selenom,H2-Aa
2515,Slc30a10,Ctss
2516,Aqp4,Crlf2
2517,Higd1a,Mt2
2518,Txndc5,AW112010
2519,Sptssb,Mt1
2520,Ifi27l2a,Hpgd
2521,Sfn,Sord
2522,Cgref1,Cdkn2b
2523,Reg4,Cd74
2524,Gm5485,Pcsk1n
2525,Itln1,H2-Eb1
2526,Gprc5a,Fhl1
2527,Iglc2,Gm43305
2528,Ces2c,Cavin3
2529,S100a14,H2afx
2530,Ces1f,Selenop
2531,Wfdc2,Hspb1
2532,Clps,Rras
2533,Sycn,Cck
2534,Gpx2,Eva1b
2535,Cldn4,Ifit1bl1
2536,Aqp8,Snhg20
2537,Gsdmc2,H2-Ab1
2538,Retnlb,Pdzk1ip1
2539,Abcb1a,Spink1
2540,Jchain,Gm42418
2541,Gsdmc4,Apoe
2542,S100g,Cyp4f14
2543,Ang4,Rnaseh2c
2544,Iglc1,Ppp1r14a
2545,Ces2a,Tmem259
2546,Cyp2c55,Scand1
